Product,Price,Link
Neem Face Wash,? 200,https://www.cleantech-mart.com/shop/neem-face-wash-3/
Saffron Face Wash,? 200,https://www.cleantech-mart.com/shop/saffron-face-wash-2/
Pineapple Face Wash,? 200,https://www.cleantech-mart.com/shop/pineapple-face-wash/
Papaya Face Wash,? 200,https://www.cleantech-mart.com/shop/papaya-face-wash-2/
Chocolate Face Wash,? 200,https://www.cleantech-mart.com/shop/chocolate-face-wash/
Green Lime Face,? 200,https://www.cleantech-mart.com/shop/green-lime-face-wash/
Soap Free Face Wash,? 182,https://www.cleantech-mart.com/shop/soap-free-face-wash-2/
Face Wash (Dew),? 401,https://www.cleantech-mart.com/shop/face-wash-dew/
Khadi Natural Honey & Almond Hair Conditioner 210ML,? 247,https://www.cleantech-mart.com/shop/khadi-natural-honey-almond-hair-conditioner-210ml/
Khadi Natural Amla & Reetha Hair Conditioner 210 ml,? 247,https://www.cleantech-mart.com/shop/khadi-natural-amla-reetha-hair-conditioner-210-ml/
Khadi Natural Moroccan Argan Hair Conditioner 310 ml,? 647,https://www.cleantech-mart.com/shop/khadi-natural-moroccan-argan-hair-conditioner-310-ml/
Khadi Natural Herbal Orange Lemongrass Hair Conditioner- Sls & Paraben Free-210,? 352,https://www.cleantech-mart.com/shop/khadi-natural-herbal-orange-lemongrass-hair-conditioner-sls-paraben-free-210/
"Khadi Natural Hibiscus & Aloe Vera Hair Conditioner – Parabens, Silicones, Sulphate, Color, Salt & Artificial Fragrance Free-310 ml",? 588,https://www.cleantech-mart.com/shop/khadi-natural-hibiscus-aloe-vera-hair-conditioner-parabens-silicones-sulphate-color-salt-artificial-fragrance-free-310-ml/
"Khadi Natural Onion & Fenugreek Hair Conditioner – Paraben, Silicones, Sulphate, Color, Salt & Artificial Fragrance Free-310 ml",? 588,https://www.cleantech-mart.com/shop/khadi-natural-onion-fenugreek-hair-conditioner-paraben-silicones-sulphate-color-salt-artificial-fragrance-free-310-ml/
Naturalable Aloe Vera Shampoo 200ml,? 882,https://www.cleantech-mart.com/shop/naturalable-aloe-vera-shampoo-200ml/
Atrimed Plant Science Anti Dandruff Shampoo 200ml,? 361,https://www.cleantech-mart.com/shop/atrimed-plant-science-anti-dandruff-shampoo-200ml/
Organic Desi Cow Ghee 1Ltr,"? 2,124",https://www.cleantech-mart.com/shop/organic-desi-cow-ghee-1ltr/
Organic Desi Cow Ghee 500ML,"? 1,239",https://www.cleantech-mart.com/shop/organic-desi-cow-ghee-500ml/
Farmer Fresh Ghee Combo Of 3 – A2 Ghee,"? 3,658",https://www.cleantech-mart.com/shop/farmer-fresh-ghee-combo-of-3-a2-ghee/
Farmer Fresh Cow Ghee Tin,"? 7,552",https://www.cleantech-mart.com/shop/farmer-fresh-cow-ghee-tin/
1 Kg Farmer Fresh Nutritious & Granular Ghee,? 531,https://www.cleantech-mart.com/shop/1-kg-farmer-fresh-nutritious-granular-ghee/
"Enfamil Neuro Pro Infant Milk Powder, Packaging Type: Jar, 802g","? 5,782",https://www.cleantech-mart.com/shop/enfamil-neuro-pro-infant-milk-powder-packaging-type-jar-802g/
"Aptamil Toddler Milk 1+, Age Group: 12 +, Powder","? 3,658",https://www.cleantech-mart.com/shop/aptamil-toddler-milk-1-age-group-12-powder/
"SMA Comfort Baby Milk Powder, Age Group: 0-6 Months, Packaging Type: Jar","? 1,770",https://www.cleantech-mart.com/shop/sma-comfort-baby-milk-powder-age-group-0-6-months-packaging-type-jar/
"APTAMIL Lactose Free First Infant Milk From Birth – 400g, Packaging Type: Packet, 1","? 2,832",https://www.cleantech-mart.com/shop/aptamil-lactose-free-first-infant-milk-from-birth-400g-packaging-type-packet-1/
"Nutricia Aptamil ProFutura 1 Infant Milk Powder, Packaging Type: Jar","? 2,655",https://www.cleantech-mart.com/shop/nutricia-aptamil-profutura-1-infant-milk-powder-packaging-type-jar/
"Enfamil Neuropro Gentlease Infant Formula, Packaging Type: Box, 567g","? 7,078",https://www.cleantech-mart.com/shop/enfamil-neuropro-gentlease-infant-formula-packaging-type-box-567g-each/
COW & GATE Infant Milk Formula With Omega-3,"? 2,950",https://www.cleantech-mart.com/shop/cow-gate-infant-milk-formula-with-omega-3/
"Nutricia Aptamil Organic First Infant Milk, Packaging Type: Box, 800gm","? 2,832",https://www.cleantech-mart.com/shop/nutricia-aptamil-organic-first-infant-milk-packaging-type-box-800gm/
"Kendamil Organic Milk Formula, Packet","? 3,304",https://www.cleantech-mart.com/shop/kendamil-organic-milk-formula-packet/
Pure Cold Pressed Mustard Oil,? 341,https://www.cleantech-mart.com/shop/pure-cold-pressed-mustard-oil/
Extra Virgin Handmade Coconut Oil 200 ML,? 171,https://www.cleantech-mart.com/shop/extra-virgin-handmade-coconut-oil-200-ml/
BLACK SESAME OIL (WP GHANI) – 100 ML,? 103,https://www.cleantech-mart.com/shop/black-sesame-oil-wp-ghani-100-ml/
MUSTARD OIL (WP GHANI) – 100 ML,? 70,https://www.cleantech-mart.com/shop/mustard-oil-wp-ghani-100-ml/
GROUNDNUT OIL (WP GHANI) – 100 ML,? 66,https://www.cleantech-mart.com/shop/groundnut-oil-wp-ghani-100-ml/
ONION SEED OIL (WP GHANI) – 100 ML,? 236,https://www.cleantech-mart.com/shop/onion-seed-oil-wp-ghani-100-ml/
CASTOR OIL (WP GHANI) – 100 ML,? 103,https://www.cleantech-mart.com/shop/castor-oil-wp-ghani-100-ml/
ALMOND OIL (WP GHANI) – 100 ML,? 321,https://www.cleantech-mart.com/shop/almond-oil-wp-ghani-100-ml/
FLAX SEED OIL (WP GHANI) – 100 ML,? 103,https://www.cleantech-mart.com/shop/flax-seed-oil-wp-ghani-100-ml/
EXTRA VIRGIN COCONUT OIL – 100 ML,? 132,https://www.cleantech-mart.com/shop/extra-virgin-coconut-oil-100-ml/
Sugar Free Multigrain Sattu (Chatua),? 141,https://www.cleantech-mart.com/shop/sugar-free-multigrain-sattu-chatua/
Multigrain Sattu (Chatua) 500GM,? 106,https://www.cleantech-mart.com/shop/multigrain-sattu-chatua-500gm/
"Pristine Organics Beginnings Corn Flakes, 150g",? 75,https://www.cleantech-mart.com/shop/pristine-organics-beginnings-corn-flakes-150g/
"Pristine Organics Beginnings Organic Ragi Flakes, 150g",? 106,https://www.cleantech-mart.com/shop/pristine-organics-beginnings-organic-ragi-flakes-150g/
"Pristine Organics Beginnings Organic Mixed Millet Flakes,150g",? 112,https://www.cleantech-mart.com/shop/pristine-organics-beginnings-organic-mixed-millet-flakes150g/
ORGANIC MIX FRUIT JAM 250 GM,? 185,https://www.cleantech-mart.com/shop/organic-mix-fruit-jam-250-gm/
ORGANIC PEARL BARLEY 500 GM,? 70,https://www.cleantech-mart.com/shop/organic-pearl-barley-500-gm/
ORGANIC PINEAPPLE JAM 250 GM,? 185,https://www.cleantech-mart.com/shop/organic-pineapple-jam-250-gm/
ORGANIC MANGO JAM 250 GM,? 185,https://www.cleantech-mart.com/shop/organic-mango-jam-250-gm/
ORGANIC APPLE JAM 250 GM,? 185,https://www.cleantech-mart.com/shop/organic-apple-jam-250-gm/
Wheat Bread Flour,? 43,https://www.cleantech-mart.com/shop/wheat-bread-flour/
"Organic Wheat Flour
",? 43,https://www.cleantech-mart.com/shop/organic-wheat-flour/
1kg Vandana Annpurna Fresh Chakki Atta,? 40,https://www.cleantech-mart.com/shop/1kg-vandana-annpurna-fresh-chakki-atta/
Chapati Wheat Flour,? 40,https://www.cleantech-mart.com/shop/chapati-wheat-flour/
RED RAJMA,? 177,https://www.cleantech-mart.com/shop/red-rajma/
URAD DAL WHITE SPLIT,? 177,https://www.cleantech-mart.com/shop/urad-dal-white-split/
RAJMA CHITTRA,? 177,https://www.cleantech-mart.com/shop/rajma-chittra/
RAJMA JAMMU,? 177,https://www.cleantech-mart.com/shop/rajma-jammu/
MOONG WHOLE,? 147,https://www.cleantech-mart.com/shop/moong-whole/
KABULI CHANA,? 171,https://www.cleantech-mart.com/shop/kabuli-chana/
"MASOOR DAL (SKINLESS)",? 165,https://www.cleantech-mart.com/shop/masoor-dal-skinless/
MASOOR WHOLE,? 153,https://www.cleantech-mart.com/shop/masoor-whole/
MIX DAL,? 141,https://www.cleantech-mart.com/shop/mix-dal/
Nachos Peri Peri Chips,42,https://www.cleantech-mart.com/shop/nachos-peri-peri-chips-packaging-size-60-gms/
Nacho Roasted Masala Chips,42,https://www.cleantech-mart.com/shop/nacho-roasted-masala-chips-packaging-size-60-gms/
Pouch Nacho Chips Cheese,42,https://www.cleantech-mart.com/shop/pouch-nacho-chips-cheese-packaging-size-80-g/
Nacho Sweet Chilly Chips,42,https://www.cleantech-mart.com/shop/nacho-sweet-chilly-chips-packaging-size-60-gms/
Makino Corn Salsa Chips,42,https://www.cleantech-mart.com/shop/makino-corn-salsa-chips-packaging-size-60-gms/
Nachos Jalapeno Chips,42,https://www.cleantech-mart.com/shop/nachos-jalapeno-chips-packaging-size-60-gms/
Nachos Salsa Chips,42,https://www.cleantech-mart.com/shop/nachos-salsa-chips-packaging-size-60-gms/
Mexican Nachos Chips,? 354,https://www.cleantech-mart.com/shop/mexican-nachos-chips/
Cheese Nachos Chips,? 354,https://www.cleantech-mart.com/shop/cheese-nachos-chips/
Barbecue Nachos Chips,? 354,https://www.cleantech-mart.com/shop/barbecue-nachos-chips/
HOLMA CRAFT CRCA 100W Oval Shape LED Light,"? 21,240",https://www.cleantech-mart.com/shop/holma-craft-crca-100w-oval-shape-led-light-for-decoration/
HOLMA CRAFT Warm White Led Architectural Hanging Light,"? 16,800",https://www.cleantech-mart.com/shop/holma-craft-warm-white-led-architectural-hanging-light-for-office-commercial/
HOLMA CRAFT 30W 25w Led Triangle Light,"? 5,310",https://www.cleantech-mart.com/shop/holma-craft-30w-25w-led-triangle-light-for-decoration-hanging-lamp/
HOLMA CRAFT CRCA Cloud Shape LED Hanging Light,"? 12,980",https://www.cleantech-mart.com/shop/holma-craft-crca-cloud-shape-led-hanging-light-cool-white-38w/
HOLMA CRAFT CRCA Hexagon Hanging LED Light,"? 5,664",https://www.cleantech-mart.com/shop/holma-craft-crca-hexagon-hanging-led-light-for-architectural-industrial/
HOLMA CRAFT CRCA Hexagon Hanging LED Light,"? 4,602",https://www.cleantech-mart.com/shop/holma-craft-crca-hexagon-hanging-led-light-for-architectural/
Customized Led Hanging Lights,"? 23,600",https://www.cleantech-mart.com/shop/customized-led-hanging-lights/
Holma Craft CRCA 24W Round Decorative Light,"? 6,136",https://www.cleantech-mart.com/shop/holma-craft-crca-24w-round-decorative-light-10-to-50-degree-celcius/
Handloom Cotton Cushion Cover Set,? 885,https://www.cleantech-mart.com/shop/handloom-cotton-cushion-cover-set/
Handloom Tussar Silk Fabric,"? 1,121",https://www.cleantech-mart.com/shop/handloom-tussar-silk-fabric/
Khadi Cotton Fabric Handloom,? 885,https://www.cleantech-mart.com/shop/khadi-cotton-fabric-handloom/
Gheecha Handloom Fabric,"? 1,016",https://www.cleantech-mart.com/shop/gheecha-handloom-fabric/
Handloom Tussar Khadi Fabric,"? 1,121",https://www.cleantech-mart.com/shop/handloom-tussar-khadi-fabric/
Handloom Cotton Fabric,? 885,https://www.cleantech-mart.com/shop/handloom-cotton-fabric/
Handloom Bamboo Cotton Fabric,? 352,https://www.cleantech-mart.com/shop/handloom-bamboo-cotton-fabric/
Handloom Banana Cotton Fabric,? 531,https://www.cleantech-mart.com/shop/handloom-bamboo-cotton-fabric/
Natural Unisex Reshirt,"? 3,538",https://www.cleantech-mart.com/shop/natural-unisex-reshirt-2/
Indigo Unisex Reshirt,"? 4,718",https://www.cleantech-mart.com/shop/indigo-unisex-reshirt-2/
Indigo Unisex Reshirt,"? 4,718",https://www.cleantech-mart.com/shop/indigo-unisex-reshirt/
Charcoal Unisex Reshirt,"? 6,488",https://www.cleantech-mart.com/shop/charcoal-unisex-reshirt/
Charcoal Unisex Reshirt,"? 6,488",https://www.cleantech-mart.com/shop/charcoal-unisex-reshirt-2/
Natural Unisex Reshirt,"? 3,538",https://www.cleantech-mart.com/shop/natural-unisex-reshirt/
Grey Textured Khadi Cotton Kurta,"? 2,537",https://www.cleantech-mart.com/shop/grey-textured-khadi-cotton-kurta/
Black Khadi Cotton Kurta,"? 2,537",https://www.cleantech-mart.com/shop/black-khadi-cotton-kurta/
Green Khadi Cotton Nehru Jacket,"? 2,948",https://www.cleantech-mart.com/shop/green-khadi-cotton-nehru-jacket/
Orange Khadi Men’s Yoke Kurta,"? 1,770",https://www.cleantech-mart.com/shop/orange-khadi-mens-yoke-kurta/
Blush Pink Chanderi Men’s Jacket & Kurta Set,"? 5,898",https://www.cleantech-mart.com/shop/blush-pink-chanderi-mens-jacket-kurta-set/